{
  "version": 1,
  "sample_rate": 22050,
  "n_fft": 512,
  "hop_length": 128,
  "n_mels": 128,
  "frame_seconds": 0.005804988662131519,
  "train_frames": 6901323,
  "train_mean": [
    3.9938129820569936,
    -11.512925148010254,
    4.270031973548698,
    4.030603942571406,
    1.7970645336741373,
    4.179296776063263,
    -11.512925148010254,
    3.222352055884473,
    2.251023825180447,
    2.3824191165061492,
    2.417996333184999,
    1.7499809612200925,
    2.3357600948179593,
    1.4711160944198345,
    2.2433891957624468,
    1.4703379753364458,
    2.0495615427514653,
    1.6333790455145882,
    1.7157289823236213,
    1.8440058322550952,
    1.1336278878734771,
    2.0167740662382494,
    1.1264651921607112,
    1.6686167065748359,
    1.4291119804304036,
    1.250452134885854,
    1.7034859124776347,
    1.2165266847924563,
    1.3526754681651774,
    1.5660074528687626,
    1.239396082852986,
    1.4054136847931342,
    1.1724034815396598,
    1.443331424935951,
    1.140427394317475,
    1.3094241655058603,
    1.2234884912574249,
    0.943953613039661,
    1.0789002413995874,
    0.8806361226454665,
    1.0027502870277343,
    0.9614776007794544,
    0.9381579547100763,
    0.9247962903656459,
    0.8770300247781452,
    0.8345410020539319,
    0.7595973006573965,
    0.7156227356824738,
    0.5703770686230207,
    0.6228727797050467,
    0.5404195708786307,
    0.6218186042670962,
    0.4821639566455273,
    0.6746212819699401,
    0.6391955449914721,
    0.5092594914257095,
    0.48352502315140616,
    0.5243023279938054,
    0.5576292767606453,
    0.4084022931123677,
    0.52699814507828,
    0.5762657737990404,
    0.32952091347317053,
    0.6134133480339493,
    0.3683518201472728,
    0.5753501629880667,
    0.35251421761868107,
    0.5681858294262223,
    0.38297904907551517,
    0.4454462453637087,
    0.46780972840822405,
    0.32568118249989736,
    0.29311669410010355,
    0.2589934971712034,
    0.32824957107984265,
    0.26395027279723254,
    0.3721291081885876,
    0.3503030159975044,
    0.43155720082024057,
    0.38974317323119695,
    0.40744239156727396,
    0.3824669487019009,
    0.3761652929102419,
    0.4109865278291142,
    0.3163101612420535,
    0.39484526591341457,
    0.3608117909301995,
    0.2822919958784959,
    0.24239950629831553,
    0.20502217438926465,
    0.1843096434155297,
    0.053748010809948184,
    0.09830618754940396,
    -0.008646449623312829,
    0.023082207152322107,
    -0.07826466234735223,
    -0.0732701671461216,
    -0.12441429106656149,
    -0.21689087020657452,
    -0.19507619076682087,
    -0.3036528609984566,
    -0.23815968486287187,
    -0.3476075560063764,
    -0.3333671332243592,
    -0.3210841300057781,
    -0.43986393433886767,
    -0.3554025159945031,
    -0.39672837699937297,
    -0.44437897108832747,
    -0.4599584059181698,
    -0.5480299038112534,
    -0.5051176854029501,
    -0.5904602145642968,
    -0.5734929965784741,
    -0.6083222534504252,
    -0.676082178403233,
    -0.6467399127651903,
    -0.7647095756899871,
    -0.7832309275459897,
    -0.8612333328147123,
    -0.9927404651621901,
    -1.067201386995188,
    -1.245798573557437,
    -1.363496295360508,
    -1.5429100922450496,
    -1.7093555691291678,
    -1.8316657984866498,
    -1.9756720601220175
  ],
  "train_std": [
    3.725837135673158,
    0.001,
    3.554057521010936,
    3.5346107641852837,
    3.173586798989534,
    3.3940878424238483,
    0.001,
    3.225182509864348,
    3.1318806600935307,
    3.0881388583847227,
    3.0917128234584,
    2.9865933617879814,
    3.0476950303881853,
    2.9376711326891023,
    3.019679735896333,
    2.9254688913552847,
    2.987581417493069,
    2.943710611063971,
    2.9525906928384806,
    2.9751037020102027,
    2.898508364517834,
    3.007659490598408,
    2.786022269021792,
    2.995517387918359,
    2.979307470479926,
    2.825322500591273,
    3.014360810550893,
    2.9808393713157666,
    2.863593296457027,
    3.032511078412395,
    3.013330189132169,
    2.8720723258106244,
    3.007606123389724,
    3.0486932156778215,
    2.955981647971384,
    2.8910283768235945,
    2.888588381528063,
    3.00151934335564,
    3.0249905459092936,
    2.9453798758041048,
    2.865611971511083,
    2.8572752275419884,
    2.8665242961154545,
    2.8359926976813,
    2.8370480125285154,
    2.8366546764108205,
    2.8253677525847727,
    2.8275122981642364,
    2.788194930937136,
    2.8049472573551637,
    2.7968391807634383,
    2.790860387905034,
    2.7935723975074973,
    2.7909143227970055,
    2.7914040461375045,
    2.7926775074336208,
    2.779212134309019,
    2.7649598469777628,
    2.7439632900723523,
    2.7867340366373385,
    2.7390736081336886,
    2.7617087620928684,
    2.7637252355333763,
    2.782109768711157,
    2.766677894612542,
    2.76950814826334,
    2.7551283115408256,
    2.7597837376674934,
    2.744849841830101,
    2.727115195951864,
    2.757016180310317,
    2.6951219033970317,
    2.729949168251596,
    2.689225179568502,
    2.7519189561869997,
    2.6766578905276806,
    2.73586972162435,
    2.6880315525902296,
    2.746112165169957,
    2.719576373187026,
    2.7340008799260564,
    2.731414202988907,
    2.7156982083101737,
    2.7534173475219355,
    2.7102753188360342,
    2.763292110130872,
    2.706739342406495,
    2.7390662050886636,
    2.6990391296846057,
    2.7166166047976743,
    2.7168620714899063,
    2.684197019098063,
    2.710639781543022,
    2.6705511084283575,
    2.691216794193145,
    2.6628809503286637,
    2.673876944903931,
    2.687163637402109,
    2.6870305819420772,
    2.706894629638274,
    2.693881990223749,
    2.7094854093654,
    2.7014172119667283,
    2.7083265536685532,
    2.702881346330976,
    2.6961532158030432,
    2.7271030631569735,
    2.7377742987903533,
    2.724280575477972,
    2.7242456235887493,
    2.7155871309406847,
    2.7249918780671374,
    2.7197183768019135,
    2.7199764328276053,
    2.718970466722121,
    2.718242967824452,
    2.7152959562293453,
    2.710435832874968,
    2.719198877729509,
    2.715389454841125,
    2.7134589578296007,
    2.7164589963897536,
    2.7081331047023283,
    2.7022884984379063,
    2.6906106224509885,
    2.689037425889391,
    2.6950743469866962,
    2.696764409872404
  ],
  "max_duration_error_ms": 0.03904081631844747,
  "alignment": "full-song log-mel cache; window alignment is performed from exact tick_time_ms"
}
